age,gender,nationality,education_level,field_of_study,university_tier,years_of_experience,relevant_experience_years,current_salary,num_previous_jobs,skill_match_score,num_certifications,has_leadership_experience,interview_score,distance_from_office,job_role_applied,application_source
24,1,5,2,1,1,1.64,1.5,58230.43,3,0.663,0,1,98.0,48.03,8,2
27,2,2,2,2,1,6.04,5.68,131213.73,4,0.695,0,0,80.6,27.65,4,2
29,1,4,0,2,0,8.61,9.39,102905.64,8,0.539,0,0,82.4,45.11,2,3
46,1,1,0,3,2,19.59,18.84,146157.37,3,0.746,5,0,71.7,33.15,3,2
31,0,1,0,0,1,16.67,15.04,189986.98,3,0.888,1,0,80.6,35.94,2,0
49,1,5,2,3,3,15.32,15.43,122198.35,7,1.0,3,1,98.0,61.63,3,1
31,0,3,0,1,1,7.72,6.78,70110.29,2,0.779,1,0,55.5,8.97,7,4
36,0,4,2,2,2,9.3,11.3,128728.45,4,0.704,1,1,90.0,28.88,3,4
33,1,2,2,3,1,8.42,8.75,113557.77,2,0.982,1,0,98.0,118.63,2,2
28,1,1,0,0,1,4.48,3.64,60040.29,7,0.662,3,0,76.2,180.74,9,2
40,1,2,2,3,0,11.54,11.19,123762.23,4,0.771,2,1,93.9,26.79,5,2
30,1,1,2,4,1,4.08,3.98,73008.22,3,0.675,1,0,98.0,174.04,2,1
34,0,4,2,2,2,6.84,8.65,112605.05,2,0.83,2,0,96.1,64.15,1,1
22,1,4,0,3,2,1.28,1.0,84522.12,6,0.541,1,0,85.4,112.74,2,4
22,1,4,2,3,2,10.81,8.93,107610.99,4,0.856,3,0,77.4,45.71,3,0
34,1,5,0,2,2,7.02,5.33,76049.03,6,0.862,1,0,98.0,61.31,3,1
29,0,4,1,2,0,18.31,18.65,220000.0,0,0.802,0,1,87.2,92.6,9,2
37,1,3,0,2,1,16.91,14.49,220000.0,5,0.968,3,1,95.3,26.96,9,2
23,0,0,0,3,2,6.96,6.17,64683.0,2,1.0,4,0,96.3,30.88,1,1
25,0,1,0,1,3,7.07,7.66,92060.95,1,1.0,4,0,98.0,51.93,9,2
31,1,4,2,2,1,5.99,5.83,135554.96,4,0.714,3,1,98.0,73.13,2,1
41,1,5,2,0,2,14.55,15.65,210676.69,5,1.0,3,1,89.7,183.76,4,2
21,1,2,0,3,0,5.89,7.25,130327.96,4,1.0,3,0,77.3,10.71,0,2
37,1,1,0,3,2,9.11,9.45,138523.07,4,0.521,1,0,74.9,55.01,2,4
36,1,4,0,4,2,14.84,14.36,137417.92,2,0.629,2,0,88.7,4.51,7,2
35,1,4,2,4,2,11.6,13.04,153095.63,2,0.495,1,1,94.9,126.47,0,0
43,1,1,0,2,2,11.56,13.04,119364.63,1,0.414,1,0,71.4,32.68,9,4
32,0,5,2,3,2,12.8,12.16,108025.8,3,0.609,0,0,64.0,141.26,5,2
32,0,3,0,0,0,4.18,3.4,114104.55,3,0.656,0,1,85.0,84.55,9,1
23,1,4,0,2,2,3.41,4.86,65868.99,1,0.885,0,0,84.7,60.46,9,2
44,1,0,2,2,2,10.98,9.99,135713.0,3,0.933,1,1,97.9,34.76,9,2
40,2,1,0,1,1,7.81,8.77,141698.0,0,1.0,3,1,95.3,9.37,1,0
32,1,1,3,2,1,15.37,15.44,138218.84,3,1.0,1,1,87.7,89.6,9,1
33,1,5,0,3,2,6.42,7.36,69674.68,5,1.0,1,0,74.1,152.02,3,0
38,1,4,0,4,1,7.56,6.67,125173.99,5,0.399,0,0,97.9,123.36,2,0
21,1,3,0,0,0,25.86,25.36,171856.38,3,1.0,2,0,84.9,72.19,1,4
41,0,4,3,0,3,13.44,13.85,135479.88,4,1.0,1,0,84.1,34.76,7,4
21,1,4,0,2,2,5.52,3.76,90091.14,7,0.96,3,1,90.5,67.1,9,4
32,0,5,2,4,1,7.67,9.28,122091.4,2,0.893,1,0,98.0,105.18,1,1
28,1,4,0,2,1,12.84,12.09,149187.92,3,1.0,2,1,75.7,77.17,4,2
41,1,3,2,3,2,16.38,17.56,161835.87,6,0.928,1,0,88.6,74.33,9,1
36,1,5,0,3,0,6.2,6.65,89843.36,5,0.624,1,1,84.2,22.56,3,1
21,1,3,2,0,2,6.38,4.32,140145.75,6,0.594,1,1,92.1,5.17,7,1
21,0,4,0,2,1,17.32,15.14,182808.92,1,0.635,2,0,88.5,42.27,5,0
31,0,3,2,4,1,15.1,15.85,168499.81,5,1.0,3,1,90.0,22.19,8,4
31,1,4,0,2,2,5.83,4.65,83847.73,4,1.0,2,1,71.5,88.43,8,1
38,0,4,2,0,2,19.99,21.49,167559.01,1,1.0,2,1,76.1,176.93,9,1
40,1,1,0,3,2,7.5,8.46,110740.38,7,0.355,2,0,62.3,70.22,8,1
30,1,2,2,2,2,5.47,4.61,94160.53,2,0.9,3,0,91.6,35.26,9,0
23,1,4,2,1,1,11.19,9.7,105338.89,5,0.488,4,1,93.5,59.98,9,1
49,1,3,0,1,2,9.73,9.45,82437.41,2,1.0,3,0,61.9,37.45,1,2
21,2,0,1,0,1,3.14,1.76,47641.12,4,0.789,1,0,98.0,124.38,5,4
44,0,3,0,4,1,8.15,8.82,134172.03,4,1.0,1,1,82.8,41.56,4,1
35,1,3,0,3,2,9.07,8.64,83233.3,6,1.0,3,0,72.9,115.97,9,2
31,0,2,3,2,1,5.58,5.98,155421.36,3,0.72,3,1,91.7,51.57,1,0
29,0,5,2,4,0,2.17,3.72,113657.18,5,1.0,2,1,86.4,43.05,1,4
34,1,4,3,2,1,15.91,17.46,203525.56,1,1.0,5,1,93.6,59.07,0,1
26,0,3,0,3,2,2.77,3.5,107416.26,3,0.516,4,0,98.0,35.58,0,4
26,1,0,0,4,1,3.9,1.71,147222.22,2,0.76,5,1,75.8,84.22,2,4
34,1,4,2,2,1,8.12,8.48,101239.99,3,0.852,0,0,95.9,69.75,9,4
42,0,4,0,1,2,28.5,28.93,220000.0,5,1.0,5,0,82.4,165.66,9,0
32,1,4,0,3,2,9.76,9.91,108553.25,2,0.996,1,0,98.0,33.94,3,4
34,1,1,2,4,2,15.82,15.03,112838.76,2,1.0,0,1,98.0,67.88,7,1
41,1,4,1,3,0,14.09,14.77,104831.19,3,0.737,1,0,97.9,76.26,3,0
27,1,0,2,4,0,6.5,4.84,79063.37,3,1.0,1,1,91.7,50.24,2,0
46,0,4,0,4,0,10.92,10.13,115983.9,3,0.366,6,0,76.1,86.28,2,1
44,1,3,2,0,2,17.25,14.82,171080.15,4,1.0,6,0,77.6,91.78,5,2
26,0,3,2,2,2,3.42,1.18,139315.92,6,0.281,5,0,85.9,25.59,2,1
25,2,1,0,4,0,3.41,2.85,94394.84,2,0.804,4,0,91.1,58.88,9,0
33,1,1,1,2,0,9.35,10.68,94950.59,2,0.656,1,0,63.9,119.12,9,2
46,0,0,1,2,2,20.15,21.65,175104.88,4,0.516,0,1,78.4,136.73,9,2
31,1,2,2,3,2,3.93,5.85,97593.7,4,0.796,2,1,98.0,50.01,1,2
34,1,4,2,3,2,10.3,10.49,99360.44,3,1.0,2,1,70.6,131.89,8,4
37,0,4,2,1,1,5.03,5.48,72906.32,2,1.0,2,0,97.6,67.35,9,0
33,0,0,2,2,1,10.42,8.65,103860.95,1,1.0,2,0,92.4,69.24,9,1
22,1,4,0,2,1,10.08,9.6,138288.4,3,0.898,1,1,85.1,124.87,7,2
21,1,4,0,3,1,0.46,1.5,73213.03,2,0.381,2,0,70.5,46.91,9,1
33,1,1,0,3,3,6.43,5.12,71076.13,5,0.544,1,0,67.8,42.97,9,0
25,0,3,3,2,2,1.58,5.08,96754.81,3,0.847,4,1,91.7,96.3,0,0
32,1,3,0,1,2,6.29,5.3,125971.62,5,0.92,1,1,83.3,179.8,5,2
24,0,4,0,3,1,10.12,11.57,101303.46,8,0.904,3,0,98.0,51.84,9,1
30,0,4,0,4,2,3.11,1.94,47492.65,1,0.694,1,0,83.4,18.25,2,4
26,1,4,2,3,1,7.84,7.37,82745.41,5,0.89,1,1,98.0,91.65,8,2
39,0,4,0,3,2,12.07,10.55,122308.28,2,0.827,1,0,62.6,81.84,2,3
34,0,3,2,1,2,11.17,10.51,116391.48,4,0.983,0,0,58.2,75.54,4,2
40,1,0,0,1,1,10.22,12.27,95711.95,3,1.0,5,1,63.1,92.93,0,2
39,1,4,0,2,1,13.64,12.96,102278.46,3,0.878,2,0,92.3,112.85,7,0
31,0,3,0,4,3,17.06,17.62,103468.75,3,1.0,1,0,61.7,100.18,9,2
33,1,2,2,1,1,11.27,9.62,106252.9,2,0.487,1,1,91.8,95.51,9,0
27,1,3,2,1,3,8.75,8.8,83100.22,2,0.969,2,0,79.7,53.61,9,2
34,0,2,0,0,1,14.22,16.66,129150.51,2,0.934,1,1,73.2,114.67,4,0
25,0,2,1,1,2,9.05,8.38,77525.26,4,0.729,4,1,98.0,109.13,2,2
47,0,1,2,3,2,13.5,15.09,183482.79,4,1.0,0,1,86.2,13.26,3,0
36,0,3,0,2,3,8.52,10.13,132282.62,3,0.465,1,0,56.9,93.46,3,1
45,0,1,0,3,3,7.19,7.81,115587.02,4,0.593,1,1,80.1,73.46,9,4
25,0,4,2,4,1,5.81,4.14,98261.09,4,0.77,6,0,59.3,47.87,3,1
39,1,4,0,3,0,5.1,3.61,85458.76,3,0.868,1,1,89.7,54.9,3,0
21,1,1,0,3,2,5.29,4.94,177663.62,4,0.344,0,0,78.0,22.49,4,0
32,0,5,0,3,2,7.76,7.09,106307.98,6,1.0,1,1,98.0,57.98,5,2
40,0,3,0,3,1,7.86,6.36,69684.76,4,0.366,0,0,88.4,109.99,8,3
34,1,4,0,4,1,10.83,10.7,121666.02,2,0.9,2,0,89.0,84.91,9,2
21,0,2,2,3,1,13.3,14.92,201751.85,6,0.809,0,0,71.0,33.08,4,4
38,1,4,0,3,1,9.77,10.14,141330.5,4,0.941,1,0,55.7,94.09,9,3
24,0,4,2,2,2,5.61,6.58,98856.87,1,1.0,2,0,93.7,54.55,8,1
34,0,3,2,4,0,6.96,7.02,114196.41,4,0.995,1,0,83.0,95.25,2,4
43,0,4,1,3,2,17.88,19.27,120802.78,3,0.532,2,0,75.1,85.83,0,1
36,1,1,2,4,2,6.23,7.39,105596.23,5,0.949,2,0,67.6,126.99,3,0
40,1,4,0,4,1,20.48,20.84,142739.01,3,0.709,2,0,54.0,65.37,9,2
32,1,2,1,1,2,6.57,4.41,56656.9,8,0.674,2,1,80.9,43.15,5,1
38,0,1,0,3,1,22.94,21.69,164137.82,5,0.917,2,1,66.6,87.03,7,0
21,0,1,2,0,1,9.12,7.07,157914.04,3,0.533,2,0,74.6,48.39,7,1
28,1,1,1,0,1,8.45,7.78,174385.69,5,0.91,3,0,79.9,24.22,7,0
22,1,1,2,4,2,12.81,15.75,130170.69,3,1.0,2,0,98.0,23.59,0,2
29,1,0,0,0,1,30.0,28.4,176327.7,3,1.0,0,0,80.9,24.15,9,3
27,1,4,2,3,1,6.76,7.25,126497.03,2,0.856,2,1,97.6,133.56,7,3
42,1,1,0,4,1,17.74,15.34,122342.83,5,0.953,4,1,83.2,144.4,7,1
28,1,4,2,4,2,30.0,28.45,163298.15,4,1.0,1,0,82.3,53.66,7,2
38,0,4,2,3,2,5.89,5.32,174833.15,7,0.849,3,1,98.0,58.28,9,1
38,1,4,2,2,1,12.15,13.72,131692.46,5,0.912,0,0,70.4,171.47,4,0
23,0,2,2,0,1,5.97,5.98,121815.56,3,0.795,3,0,73.8,96.1,3,4
38,1,4,0,2,1,7.71,8.29,121185.01,2,0.583,2,1,72.2,89.22,2,4
42,1,4,0,3,2,18.44,17.99,183533.06,4,1.0,2,0,69.8,221.57,4,2
31,1,0,2,0,2,8.9,6.63,86546.87,10,0.971,2,0,80.0,30.07,5,0
25,1,2,3,3,1,4.11,2.8,103190.53,5,0.864,4,1,98.0,124.25,1,4
27,0,1,2,0,2,3.88,3.14,98976.95,1,0.438,1,0,44.4,44.76,9,1
21,1,5,0,2,1,8.81,8.18,124278.34,0,1.0,1,0,77.5,78.64,9,2
35,1,4,3,3,1,10.54,13.78,161025.22,3,1.0,4,0,96.5,107.18,0,4
41,0,0,0,1,2,6.01,8.01,80493.26,1,0.989,2,0,57.9,102.24,3,2
21,1,1,0,0,2,2.17,2.71,98228.21,3,0.277,2,1,88.3,45.06,3,2
25,1,5,2,2,0,9.4,8.92,106528.87,2,0.563,4,0,68.3,73.84,1,1
33,0,4,0,1,1,17.21,16.17,116360.51,3,0.943,0,0,76.1,39.57,9,1
21,0,2,2,1,1,3.07,4.52,136492.83,6,1.0,3,0,84.0,38.2,9,2
23,1,4,2,3,2,9.91,8.68,93399.61,4,0.503,3,0,77.7,33.95,7,2
39,0,1,2,2,1,8.97,7.27,108372.52,6,1.0,1,0,69.7,129.88,7,1
34,1,4,0,1,3,11.01,9.19,119943.55,5,0.518,1,1,53.0,26.54,8,2
24,1,3,2,2,1,9.36,8.92,220000.0,4,0.646,3,0,86.7,319.53,3,1
33,0,4,0,1,2,10.71,10.01,146269.13,4,1.0,0,0,98.0,181.88,5,1
30,2,1,0,2,1,14.54,13.92,141351.86,3,0.974,0,1,98.0,35.85,2,3
42,0,4,2,3,0,7.63,7.19,93758.96,6,0.979,3,0,95.5,17.41,2,0
27,1,1,0,3,1,18.73,18.32,179486.06,3,0.923,0,0,87.9,5.48,2,2
24,0,2,0,3,0,8.16,6.95,123631.24,5,0.581,2,1,95.5,109.94,6,2
22,1,5,0,3,1,5.04,6.21,83417.38,8,0.752,1,0,79.9,56.7,1,1
29,0,4,2,3,0,17.78,15.68,193417.55,2,0.939,1,0,69.8,73.57,6,1
32,1,3,0,3,1,6.8,7.25,121036.41,2,1.0,0,1,84.3,52.48,9,1
34,0,4,2,2,1,13.44,13.68,180133.95,3,0.637,3,1,89.5,76.46,6,4
33,0,4,0,2,1,5.25,6.01,75600.71,1,0.729,0,0,81.5,29.23,4,0
37,1,1,2,2,1,5.47,5.74,89008.73,2,1.0,3,0,98.0,49.27,2,1
21,1,0,0,0,1,3.31,4.46,87265.52,2,0.832,3,0,83.6,75.0,0,3
34,2,4,3,4,2,13.39,12.31,164756.69,3,0.647,1,1,97.4,213.28,9,3
55,0,1,0,4,0,12.36,12.39,134200.49,3,0.803,3,0,97.6,39.67,2,4
50,1,4,2,2,2,16.57,15.49,123405.75,2,1.0,2,1,90.3,68.18,9,0
40,0,2,2,3,2,6.19,2.16,73156.91,6,0.503,5,1,80.4,21.53,7,1
45,0,3,0,1,1,28.19,29.92,220000.0,4,1.0,3,0,72.9,98.8,1,4
38,1,1,0,2,3,22.28,22.24,153736.66,4,1.0,1,0,79.8,63.59,1,1
32,1,3,2,4,0,8.29,8.37,121065.72,3,0.94,3,0,70.0,55.94,3,2
27,1,1,2,1,2,8.09,4.85,174099.0,5,1.0,1,0,71.8,52.13,7,1
40,0,1,0,2,1,30.0,27.3,161244.58,8,1.0,2,0,68.5,14.42,6,1
21,1,1,0,3,1,15.63,16.63,161540.65,6,1.0,2,1,77.3,114.99,4,2
21,1,4,0,0,2,2.23,3.77,124391.36,2,0.69,2,0,75.8,60.93,0,1
21,0,2,0,2,0,13.53,11.95,144261.0,1,0.781,2,0,75.6,79.67,2,1
34,1,4,0,3,1,4.35,3.8,116658.91,2,0.224,1,0,77.8,164.68,8,2
21,0,4,1,3,0,7.33,6.55,89137.72,2,0.917,8,0,89.7,55.05,9,0
21,0,3,2,1,1,12.39,11.84,127027.94,2,1.0,4,1,88.3,81.03,0,2
36,1,1,2,0,1,12.77,13.51,141811.78,9,0.768,1,0,84.6,43.56,4,0
36,0,3,0,3,0,10.56,11.51,144516.29,3,1.0,0,1,98.0,90.09,9,2
43,0,4,2,2,3,17.19,15.54,169561.51,5,1.0,2,0,85.7,56.35,9,2
22,0,3,0,4,2,13.05,14.52,110965.3,4,0.943,1,0,83.2,31.52,3,1
21,1,4,1,2,1,3.63,3.58,64425.52,3,0.584,4,1,69.4,92.83,3,1
33,1,2,0,0,2,15.27,15.42,127609.81,0,1.0,2,1,81.1,183.62,2,1
31,1,4,2,4,1,5.33,5.89,90204.11,4,1.0,0,0,87.4,96.21,4,1
34,0,1,0,3,1,8.66,8.13,108609.08,4,0.376,0,0,66.3,94.38,9,1
44,1,4,0,0,2,7.59,8.91,163414.54,2,0.738,2,0,80.8,36.65,3,1
36,0,1,0,3,2,12.82,14.56,108755.51,2,1.0,2,0,66.0,77.16,1,2
29,1,2,0,2,2,8.77,9.77,166640.7,2,1.0,1,0,62.4,37.45,7,1
26,1,1,2,2,0,6.45,6.63,159085.76,1,0.602,0,0,95.6,61.56,9,4
36,1,2,0,0,2,7.11,8.13,71573.17,4,0.82,3,1,63.3,29.88,0,0
32,1,4,2,4,1,10.87,8.1,159076.05,3,0.968,0,0,80.8,22.35,9,4
38,1,3,0,3,2,15.8,14.27,141980.21,4,0.71,0,0,78.3,41.63,9,2
25,0,2,0,2,1,3.04,5.62,122796.63,1,0.695,6,1,82.2,80.21,0,4
27,0,1,1,2,1,5.83,7.78,86562.49,4,0.795,2,1,97.6,56.19,1,2
34,1,5,1,3,1,4.79,5.71,97896.8,5,0.609,1,1,84.7,56.44,3,3
21,1,4,2,1,0,5.56,7.06,143898.21,1,0.862,3,0,84.8,114.62,9,1
35,1,3,0,0,2,12.35,11.35,156644.71,5,0.928,2,1,98.0,90.91,2,2
40,1,1,2,3,2,10.95,11.97,170949.14,1,0.447,2,0,67.6,25.14,9,4
21,2,4,0,2,0,5.69,7.2,102411.72,4,0.935,2,0,82.7,89.14,3,0
32,1,2,2,2,1,7.89,9.18,116775.87,4,0.701,4,1,98.0,170.98,1,2
24,1,4,2,0,2,1.55,4.02,89550.4,3,0.443,3,0,97.1,118.71,1,1
33,0,0,0,3,2,3.76,5.26,90587.11,5,0.865,1,1,98.0,50.19,9,2
39,0,0,0,4,0,11.11,9.3,162937.23,4,0.681,1,0,82.4,21.03,8,1
25,1,5,3,3,1,20.96,23.8,163918.82,2,1.0,3,0,73.4,66.92,0,3
36,0,5,2,1,1,9.62,10.73,116599.23,4,1.0,1,0,79.8,38.62,9,0
21,0,3,1,4,1,4.7,5.28,96813.99,3,0.559,1,0,74.3,62.51,9,2
33,1,3,2,1,3,14.26,13.95,98340.52,4,0.8,3,0,76.3,27.48,1,0
31,1,4,2,1,0,11.91,8.93,114201.77,4,0.301,1,0,74.2,68.05,2,4
23,0,1,2,3,1,4.65,5.13,114313.75,4,1.0,2,1,80.8,112.2,6,1
21,0,0,2,2,2,4.97,5.09,101413.59,4,0.939,3,0,82.2,58.36,8,0
36,0,2,0,0,1,13.42,14.9,166777.87,5,1.0,3,0,76.9,84.93,0,2
32,0,4,2,3,1,10.2,8.56,113745.91,3,0.415,3,0,77.6,56.35,9,2
21,0,1,0,2,1,3.82,2.39,64626.37,6,0.9,3,1,79.6,41.43,9,3
21,1,4,0,2,3,6.66,4.22,78283.89,6,0.982,3,0,80.6,22.07,2,0
30,0,4,0,2,1,17.34,16.89,147962.61,5,0.889,0,1,74.6,66.19,4,3
27,0,4,2,3,1,3.15,3.66,153869.75,1,0.57,0,0,61.3,43.63,4,1
25,0,2,1,4,0,7.55,7.95,116729.08,6,1.0,3,1,90.3,152.16,8,1
25,0,0,2,2,1,9.94,9.84,99842.45,7,1.0,0,1,75.8,101.73,7,0
31,1,1,2,3,3,16.47,18.42,134371.1,6,1.0,3,1,85.7,0.88,0,1
32,0,4,3,4,2,7.38,8.82,171565.23,3,0.988,6,1,86.9,82.4,0,4
21,1,3,3,4,2,4.5,3.51,77328.37,3,0.596,0,1,63.9,103.08,3,1
21,1,2,1,1,1,7.75,8.4,114087.42,5,0.793,1,1,82.6,95.86,4,0
30,0,3,0,2,2,8.17,8.74,89719.32,3,0.734,3,0,85.1,65.04,9,2
40,0,3,0,3,2,10.65,12.65,181764.71,2,0.831,2,1,83.3,91.01,3,2
33,1,2,2,0,0,4.84,4.58,103961.2,2,0.938,1,0,66.3,146.06,9,2
41,1,1,0,4,1,10.1,8.82,103945.24,4,0.748,1,0,80.7,14.2,5,1
34,1,4,2,3,2,5.43,4.89,119317.08,4,1.0,2,0,82.6,26.44,3,2
42,0,4,0,3,1,10.06,11.06,105817.11,3,1.0,1,1,98.0,33.19,2,2
28,1,3,2,2,1,14.17,15.56,119791.14,5,1.0,0,0,87.9,79.74,4,0
38,1,5,0,2,1,8.72,9.04,79151.21,4,0.95,2,0,98.0,89.09,7,2
32,0,1,2,3,1,12.66,12.24,135078.38,4,0.77,4,0,98.0,88.71,1,2
23,1,4,0,3,1,2.92,1.5,53802.14,2,0.258,2,1,74.4,68.78,9,4
27,0,2,1,4,1,3.2,4.2,63388.47,5,0.55,0,0,68.6,16.48,2,1
39,1,2,0,3,3,12.11,12.12,111784.58,3,1.0,4,0,83.3,147.58,9,0
27,0,5,0,0,1,7.06,9.06,88051.8,2,0.962,4,0,98.0,55.07,3,2
26,0,2,2,1,2,7.74,5.08,66307.91,4,0.918,1,0,96.1,53.79,2,2
32,0,4,0,3,1,8.08,7.32,94315.07,4,0.875,1,1,64.6,26.73,7,4
42,0,5,0,2,1,10.15,10.25,188083.86,4,0.721,4,0,89.9,27.97,9,1
24,1,3,0,2,2,7.63,6.81,126772.66,5,0.798,2,0,98.0,53.94,9,0
24,0,4,2,1,1,9.22,9.81,134415.34,3,0.767,0,1,71.2,41.41,3,0
36,0,3,0,3,2,6.02,5.85,99601.69,5,0.945,1,0,81.4,137.49,4,1
34,1,4,0,4,1,4.32,3.3,75806.03,2,0.843,1,0,91.6,103.9,2,1
38,1,2,0,3,1,9.63,10.11,161522.38,4,0.991,4,0,87.7,78.97,1,2
33,1,0,2,3,1,11.16,9.96,99736.59,4,1.0,2,1,81.4,48.62,3,0
39,0,4,0,2,0,11.36,11.86,113772.69,3,0.635,1,0,82.6,102.34,5,2
24,0,1,2,2,2,18.87,20.12,142788.18,6,1.0,4,0,98.0,28.13,9,0
45,0,4,1,4,1,15.84,15.46,132836.55,1,0.944,1,0,98.0,86.12,3,2
32,1,3,1,0,2,6.99,6.01,110645.97,4,0.358,4,0,86.8,33.93,9,2
21,0,4,0,3,0,4.12,4.13,170317.83,3,0.801,1,0,98.0,117.38,2,0
21,0,4,2,3,1,1.64,3.81,144976.78,1,0.799,4,1,82.7,89.27,1,2
34,0,3,3,0,1,7.44,8.5,131335.13,1,0.897,2,0,84.0,9.36,1,2
29,0,5,0,2,3,12.8,10.26,76763.9,3,0.771,0,0,78.5,113.3,7,4
34,0,4,0,3,1,11.68,12.59,129220.48,1,0.846,4,0,85.4,66.18,1,3
30,1,1,3,1,2,7.04,7.74,87967.56,3,0.887,0,0,71.0,81.42,8,3
29,1,4,2,3,3,10.36,8.97,119146.99,2,1.0,1,0,98.0,90.63,7,1
31,1,4,0,2,1,12.28,12.08,142306.97,0,0.988,2,1,80.9,32.47,9,2
26,0,4,2,4,2,3.47,2.69,89453.73,6,0.814,4,0,84.0,97.18,9,2
33,1,4,2,4,0,4.91,5.25,137028.48,2,0.864,2,0,78.0,204.92,9,2
43,1,4,0,3,1,9.33,9.46,213719.05,2,1.0,1,1,98.0,71.77,4,0
39,1,4,1,2,1,8.45,10.31,151488.94,4,0.986,5,0,84.9,25.99,1,2
36,1,4,0,3,3,20.55,20.41,146258.33,3,0.937,0,0,86.2,59.72,9,0
29,1,5,0,1,1,10.38,11.88,95409.26,3,0.74,3,0,47.4,43.05,0,4
28,1,5,0,3,1,5.85,6.2,102213.62,3,0.749,1,1,81.0,93.0,9,2
21,0,4,0,2,1,6.52,5.57,92415.25,10,1.0,3,0,75.3,28.56,5,3
30,1,1,2,3,2,11.77,10.89,89540.67,5,0.968,0,0,79.0,119.46,8,2
42,1,4,0,2,2,12.23,10.06,87967.9,9,0.723,1,0,87.5,58.33,2,3
33,1,3,0,3,1,5.47,8.97,112529.19,1,0.633,8,1,95.0,55.06,0,2
33,0,5,2,2,2,3.6,2.5,100203.66,4,0.575,1,1,95.2,105.95,2,0
21,1,0,2,2,2,9.52,11.58,134183.03,6,1.0,3,0,77.7,55.12,1,4
47,1,1,0,2,2,10.37,10.3,202072.26,5,0.861,3,0,68.2,125.8,1,1
32,0,3,0,3,2,5.43,5.65,149123.55,2,0.962,2,0,93.8,103.86,9,3
21,0,3,2,4,2,2.45,3.95,98822.55,4,0.905,1,1,98.0,55.17,9,1
40,0,3,0,2,1,7.64,7.46,76832.35,1,0.341,0,0,73.0,27.94,9,4
33,1,4,0,0,1,10.58,9.13,88544.38,2,0.632,2,0,81.8,72.58,2,3
39,0,4,1,0,1,7.15,6.35,87309.26,2,0.703,1,0,87.8,83.76,2,1
29,0,5,0,4,0,8.02,7.26,86309.13,2,0.816,1,0,88.1,59.29,6,2
55,1,4,0,0,2,13.92,13.39,159660.09,6,1.0,2,1,77.5,46.49,9,4
21,1,4,2,4,1,2.6,2.43,91589.02,1,0.499,0,0,84.3,13.9,9,0
21,1,4,0,0,2,14.99,14.96,132229.27,2,1.0,0,0,86.4,66.75,3,4
33,1,2,0,2,1,9.76,10.03,83132.89,3,0.914,4,0,98.0,91.28,0,0
29,1,2,0,2,2,9.97,12.38,167952.1,4,1.0,1,1,98.0,74.53,4,2
34,1,1,2,4,2,7.13,7.61,108231.59,2,1.0,1,0,61.5,62.21,2,1
41,1,0,2,4,2,7.4,5.94,218067.93,3,0.801,2,0,98.0,137.92,9,2
36,2,4,2,2,1,11.51,11.19,165602.78,4,0.768,0,0,85.7,58.54,4,2
29,1,4,2,4,3,4.6,4.55,89477.51,9,0.434,3,1,64.8,29.94,2,3
40,0,2,0,3,1,17.14,17.59,141745.47,0,0.532,3,0,98.0,35.56,7,1
31,0,4,0,0,2,7.87,7.69,122186.5,5,0.786,1,1,92.6,26.9,7,0
25,0,5,0,2,0,27.55,24.56,220000.0,1,1.0,2,0,74.8,93.19,8,0
30,1,3,2,2,2,16.72,15.92,156125.81,7,0.854,1,1,90.8,63.61,2,2
31,0,4,0,1,1,16.07,16.57,151209.79,2,1.0,0,0,76.0,47.28,6,0
32,1,5,1,0,2,4.49,3.82,61528.11,2,0.885,0,1,88.3,128.46,6,1
40,0,5,0,3,1,6.49,5.01,107142.81,6,1.0,2,1,87.1,41.07,2,2
27,1,2,3,4,2,4.86,4.58,114404.47,4,1.0,2,0,92.4,18.03,8,0
34,1,2,0,0,2,13.81,14.65,155016.31,1,0.468,3,0,84.2,28.5,1,2
21,0,5,0,4,2,16.26,16.27,206010.77,6,0.746,3,0,63.7,37.09,6,0
34,0,0,1,2,1,12.39,11.5,128660.55,3,0.836,5,0,79.2,22.8,7,1
30,1,5,2,3,1,15.4,14.56,140515.98,9,0.845,1,0,71.9,10.94,3,2
41,1,4,0,0,0,12.29,13.06,102811.63,3,0.714,2,0,71.1,41.8,3,1
43,0,1,2,4,1,11.76,11.12,130761.55,6,0.801,2,1,86.8,108.13,9,1
41,0,4,1,1,1,7.15,4.97,62680.64,1,0.795,2,1,63.5,178.49,7,0
33,0,2,0,4,2,12.1,11.99,136959.81,4,0.707,3,0,95.5,90.25,1,2
38,0,4,0,2,1,6.11,7.6,96699.24,6,0.696,1,1,92.6,52.82,3,2
29,0,4,2,3,2,15.6,17.1,138592.1,4,1.0,3,0,75.3,55.14,9,1
30,0,4,0,2,1,11.91,12.91,110438.42,5,0.793,2,0,98.0,48.91,2,3
21,1,2,0,3,1,13.44,12.76,139322.92,6,1.0,1,0,91.5,59.86,6,3
40,1,4,0,3,0,7.0,8.75,170722.89,1,1.0,1,0,85.1,45.82,4,1
29,1,4,0,1,2,9.01,10.47,98374.81,2,0.686,1,0,87.9,30.9,9,2
29,1,4,2,2,1,10.56,10.55,137565.74,4,1.0,2,0,91.5,47.25,9,3
21,0,0,0,3,1,5.28,2.96,100524.19,6,0.691,1,1,92.4,23.03,5,4
34,0,4,0,4,0,19.6,18.65,186693.81,4,1.0,1,1,83.0,75.2,9,0
26,0,1,0,3,2,9.4,6.92,67315.51,2,0.586,4,0,84.1,90.75,5,1
21,1,3,0,3,1,8.72,8.43,122178.43,5,0.524,0,1,98.0,105.03,3,0
36,1,4,0,2,1,4.01,3.24,113389.11,3,0.758,0,0,57.3,59.34,2,2
33,0,4,2,2,2,16.8,16.62,133543.09,2,1.0,3,0,72.1,114.19,9,0
21,1,0,2,1,0,2.13,3.01,159531.35,1,0.95,2,0,70.6,146.71,9,2
32,1,1,0,2,0,7.52,8.7,121164.99,5,0.833,1,0,59.2,111.03,3,2
33,1,4,3,1,2,5.65,5.7,89531.98,3,0.842,4,0,70.9,32.5,3,0
36,0,4,1,1,2,4.46,6.26,123348.83,1,0.366,1,1,83.7,110.28,4,1
31,2,4,3,3,1,13.73,12.19,124173.27,6,1.0,1,0,98.0,43.34,8,0
29,1,2,0,2,0,7.69,8.97,95683.63,6,1.0,1,1,83.0,63.2,3,1
39,0,0,2,3,1,8.96,10.28,134101.84,4,0.905,2,0,75.6,30.27,0,4
21,1,5,0,4,2,13.42,12.97,153339.6,4,0.376,2,0,70.9,21.51,2,2
39,1,0,0,3,1,9.79,10.92,161976.36,7,0.863,0,0,80.4,144.6,3,1
33,1,4,2,4,1,6.44,9.94,103611.38,1,0.918,0,0,91.5,69.79,0,4
21,0,3,2,4,1,4.65,4.75,97767.07,3,0.818,0,0,85.3,84.54,7,0
39,0,3,2,2,2,6.3,4.73,84201.2,4,0.878,1,1,98.0,149.77,5,2
32,1,3,3,3,1,10.62,8.21,105146.83,3,0.595,2,0,73.9,141.32,9,2
21,1,4,2,3,2,5.43,6.33,83179.45,5,0.991,4,0,68.5,28.47,1,4
38,0,2,0,0,2,17.55,16.15,126567.43,5,1.0,4,1,83.7,102.62,2,1
28,0,1,0,4,0,17.2,18.7,164394.12,5,1.0,5,0,72.9,4.65,9,1
32,0,2,0,3,1,9.91,9.84,137481.82,6,0.52,0,0,98.0,92.02,8,0
47,1,1,2,3,2,16.66,16.02,165056.67,3,0.734,1,1,73.9,53.69,3,3
21,1,4,1,0,1,10.93,11.69,89971.71,2,0.579,3,0,96.0,66.4,0,2
40,0,4,1,0,1,6.06,0.61,56524.87,6,0.873,1,1,85.6,230.1,6,2
22,0,3,0,3,1,10.11,11.42,117467.01,2,0.839,0,0,66.8,78.19,4,1
22,1,1,0,2,1,11.81,11.41,205743.67,3,0.783,2,1,88.6,50.65,7,2
29,1,3,0,1,2,3.63,5.54,60152.46,6,0.869,4,0,86.4,86.11,1,2
21,2,0,2,2,2,9.92,11.85,154692.26,3,0.767,1,0,86.0,155.47,1,2
33,0,4,2,0,1,21.42,21.23,165367.26,4,0.872,4,0,87.5,64.15,3,2
30,1,0,3,2,1,27.38,26.32,182315.95,5,1.0,0,1,59.4,130.4,6,1
28,1,5,2,3,2,15.93,16.37,126629.88,2,0.94,1,0,75.3,25.4,8,3
21,1,3,1,1,2,4.11,6.59,106143.36,6,1.0,3,0,88.3,51.43,0,2
34,2,1,0,0,1,7.13,6.19,79831.85,3,0.362,1,1,98.0,33.46,6,0
23,0,0,0,1,1,0.89,1.5,49271.84,3,0.442,0,0,76.3,89.4,8,2
23,1,4,1,4,1,9.61,8.59,107966.3,2,0.721,2,0,91.8,76.72,3,2
21,0,4,2,3,0,5.77,3.68,129837.11,2,0.462,0,1,63.5,41.24,9,0
31,0,4,2,1,2,7.03,6.77,120975.3,4,0.669,2,1,68.8,21.19,3,2
33,0,5,2,3,1,4.13,5.63,156919.45,6,0.602,1,0,85.3,37.37,8,1
41,0,2,2,1,1,8.74,7.35,117040.12,4,0.701,0,1,82.2,91.77,8,2
45,0,4,0,4,1,6.52,6.58,69329.83,1,1.0,3,1,69.0,99.29,1,1
25,1,3,0,1,1,8.9,11.78,111542.61,5,0.642,2,0,83.8,47.98,0,1
38,1,2,0,2,1,14.8,14.52,141481.87,2,0.755,2,0,83.8,77.96,2,0
42,0,4,2,3,2,11.73,10.78,135315.36,7,0.667,2,1,95.2,46.75,3,2
27,0,4,0,4,2,7.56,8.6,118233.47,3,0.685,2,1,94.7,50.75,9,0
21,1,4,0,3,2,2.12,1.95,82464.26,5,0.396,0,0,73.9,78.11,7,4
41,0,3,0,2,0,6.24,5.85,78879.74,1,0.768,3,0,66.4,106.91,7,0
34,1,0,0,3,2,3.03,2.61,65107.72,1,0.574,1,1,94.2,21.1,2,1
41,0,1,3,3,1,5.6,1.0,76090.41,6,0.95,2,0,73.0,96.2,2,0
26,1,4,0,1,1,7.49,6.96,102498.72,2,0.668,2,0,89.1,42.15,3,2
21,1,4,0,0,1,7.3,6.47,114124.15,3,0.99,0,1,75.8,80.58,3,1
26,1,1,0,3,1,11.0,11.3,132131.65,3,1.0,1,0,89.8,150.2,2,0
31,0,3,2,2,2,5.01,1.54,60774.5,3,0.707,0,0,84.4,29.3,2,2
29,0,4,0,2,1,14.66,14.21,118427.0,7,1.0,0,0,73.6,119.24,9,0
21,0,3,0,2,1,7.47,8.53,166190.15,4,0.73,2,1,80.8,80.59,9,3
21,1,4,0,2,0,6.85,5.49,149789.11,5,0.941,2,0,81.8,111.49,2,1
31,0,4,0,3,1,9.95,9.96,99202.56,6,0.72,1,0,79.9,61.1,8,3
33,1,2,2,2,0,4.08,4.53,119486.99,1,0.857,2,1,81.5,69.97,3,1
38,1,1,0,3,1,14.05,11.55,133229.27,4,1.0,1,0,67.2,63.82,7,3
23,1,2,0,3,1,4.51,2.56,97661.41,5,1.0,0,0,76.7,63.6,5,1
24,1,3,2,2,2,5.55,5.86,130751.78,6,0.841,2,1,80.4,18.56,9,3
27,1,4,1,0,1,12.08,11.39,215328.82,2,0.625,1,0,85.0,60.17,5,1
30,1,0,0,3,2,15.0,15.73,144028.46,4,0.715,0,1,67.3,77.52,9,1
44,1,4,2,1,3,7.99,7.75,145148.32,4,0.88,1,1,68.9,52.1,1,2
28,1,1,2,1,2,8.73,9.5,126964.5,2,1.0,2,1,97.2,32.76,0,3
30,0,5,0,3,1,9.79,8.63,77534.85,7,0.596,2,0,80.4,108.34,9,3
31,0,4,2,2,1,10.6,8.23,116246.18,3,0.76,2,0,96.1,63.04,2,2
25,1,4,0,2,2,2.39,3.55,210041.29,0,0.663,3,0,78.4,96.95,0,4
21,1,4,0,4,1,6.08,5.07,118322.98,1,0.25,1,0,83.7,44.39,8,2
39,0,1,0,2,2,7.62,6.79,101216.71,5,0.81,1,0,86.1,75.84,9,2
32,1,4,0,0,2,8.5,8.55,126798.4,1,1.0,3,0,82.3,39.51,1,1
30,1,1,0,3,1,5.66,5.06,159480.85,4,0.391,1,0,51.9,187.58,2,1
35,0,4,0,4,2,6.33,4.24,97730.67,4,0.819,1,1,98.0,165.53,3,1
21,0,4,1,0,0,0.51,2.0,66300.62,5,0.529,2,0,87.0,54.64,3,1
30,1,3,0,3,1,10.33,9.19,164533.65,8,1.0,4,1,91.8,45.73,5,2
29,1,2,0,3,1,14.51,13.72,137931.82,4,1.0,2,0,76.6,75.89,3,2
40,1,3,0,3,2,8.38,8.25,77843.72,4,0.729,1,0,71.9,81.84,2,1
25,0,1,0,4,2,6.72,6.3,69213.71,1,0.811,3,1,63.3,64.99,3,1
35,1,4,2,3,0,7.57,6.72,122252.63,2,0.893,1,1,84.7,91.25,9,4
44,1,1,0,2,1,18.41,19.64,129506.49,6,0.634,2,1,95.6,65.45,3,2
28,1,1,0,2,2,26.87,26.46,183830.65,1,1.0,2,1,98.0,134.15,2,1
32,1,2,2,3,0,14.87,12.63,138106.87,2,1.0,3,1,70.3,76.76,2,1
44,0,1,0,1,1,11.03,10.23,91717.9,1,0.836,1,0,83.1,71.8,2,0
21,0,5,2,0,0,9.9,10.62,149246.52,8,1.0,1,0,98.0,58.06,3,1
41,0,5,2,2,0,13.78,15.81,136100.39,0,0.72,3,0,57.9,74.31,1,0
34,0,1,0,3,0,10.79,10.39,121711.45,5,0.894,0,1,70.3,45.98,9,2
30,1,4,0,2,1,5.93,4.92,95882.0,4,0.687,5,1,94.4,19.5,1,4
21,2,4,0,3,2,4.14,3.94,87362.71,7,0.6,1,0,79.4,9.98,2,1
43,1,1,0,3,2,12.18,12.31,102002.47,4,0.866,1,0,53.1,26.63,2,0
34,0,5,0,2,1,12.87,13.93,135543.63,3,0.602,8,0,72.1,76.31,1,1
33,0,4,3,3,3,3.7,5.58,102167.51,6,0.864,2,0,93.5,44.64,1,1
40,0,4,2,1,2,17.64,16.76,205229.43,5,0.947,0,0,88.8,38.03,8,0
27,1,2,2,2,1,4.65,2.9,128138.76,3,0.863,2,0,64.8,28.44,8,3
21,0,5,0,0,1,22.55,20.8,167658.68,4,1.0,1,0,91.9,128.85,9,1
33,1,3,2,1,1,6.55,9.58,102579.5,1,0.728,2,1,72.4,98.85,0,4
28,0,1,2,1,1,10.93,12.05,155064.39,5,0.602,3,0,66.0,80.46,0,2
30,1,2,0,3,1,19.35,18.0,142961.98,3,0.807,2,0,81.7,128.16,9,1
28,0,4,0,1,1,16.36,16.42,169333.48,3,0.959,2,1,85.7,50.72,9,0
51,1,4,0,3,2,11.02,11.46,191144.19,5,1.0,1,1,72.9,132.91,9,0
22,1,2,0,4,0,3.43,1.8,63201.2,5,0.391,3,1,84.7,34.5,5,2
25,1,3,0,3,1,17.58,20.08,220000.0,3,0.954,2,0,69.2,64.76,4,1
23,1,2,0,2,0,4.56,6.68,104858.02,3,1.0,3,0,81.5,90.19,1,4
32,1,5,3,2,2,9.69,10.25,154053.32,3,0.477,2,0,72.1,106.3,9,4
35,1,1,1,0,2,10.62,10.83,114310.51,3,1.0,2,0,66.8,47.96,1,1
21,1,4,2,0,2,9.29,8.6,148078.1,0,0.942,3,0,60.5,158.0,1,0
29,1,4,2,3,0,18.07,19.57,171183.7,2,0.549,3,1,94.1,68.53,9,3
28,1,4,0,0,0,4.25,4.61,79076.91,3,0.363,3,0,73.1,50.01,4,0
29,1,1,2,3,2,12.95,11.85,161304.5,6,0.92,2,0,69.8,112.3,7,0
35,1,3,2,2,2,8.33,8.75,160873.07,4,0.549,0,1,63.2,197.53,6,2
30,1,3,0,4,2,8.56,7.39,121690.74,0,0.876,1,0,96.0,42.93,6,2
47,1,4,0,3,1,17.16,18.07,123514.4,5,1.0,0,0,70.5,61.19,9,3
33,0,0,0,3,2,12.31,12.55,124333.61,5,0.763,3,0,78.2,17.84,3,2
31,0,0,0,0,2,4.09,3.96,54454.0,6,1.0,2,1,79.4,29.22,5,2
34,0,4,0,3,1,6.15,6.31,121868.49,3,0.522,4,0,76.1,19.82,7,1
33,0,5,0,2,1,6.58,7.58,86990.51,2,0.809,0,1,75.5,70.49,2,2
35,0,5,0,2,2,7.39,6.33,77944.38,3,0.931,2,1,88.0,100.01,9,4
34,0,3,0,2,1,13.31,12.93,220000.0,4,0.857,2,0,66.8,89.5,9,1
28,2,4,0,3,0,2.82,2.28,80597.49,3,0.876,5,0,70.4,38.79,8,0
26,1,1,0,3,1,5.07,4.11,69202.12,4,0.901,0,1,91.7,79.37,6,2
29,1,4,0,2,2,23.28,24.71,163370.75,2,1.0,3,0,80.1,170.79,9,2
27,0,0,2,4,2,13.94,17.44,128709.06,3,0.943,4,1,97.1,141.31,0,2
36,2,1,0,2,1,7.73,6.58,107798.53,2,0.64,1,0,69.2,37.02,9,2
21,0,4,2,3,0,6.08,8.71,102389.96,2,1.0,4,0,71.1,37.76,1,2
31,0,0,2,4,2,13.63,13.08,129434.76,2,1.0,1,0,85.6,29.48,7,0
22,0,3,0,4,1,6.39,6.07,145857.7,1,0.853,0,1,89.3,116.54,7,0
24,1,3,0,4,1,2.1,1.52,74102.03,4,0.77,1,0,84.8,48.39,9,1
28,1,4,2,4,0,14.51,17.31,170926.01,4,1.0,3,0,98.0,48.97,1,2
36,0,4,0,3,1,14.22,13.74,132841.46,5,0.639,2,1,88.7,84.39,2,0
37,1,5,2,2,2,8.38,9.16,127873.66,6,0.599,1,1,62.3,48.12,0,1
51,0,3,2,4,2,13.46,13.36,138142.64,2,0.499,0,0,98.0,56.63,5,1
37,1,1,2,3,2,22.33,22.14,185370.14,2,1.0,2,0,84.2,68.2,6,4
32,0,4,1,4,1,2.87,0.62,64954.07,3,0.716,3,0,96.5,37.17,5,0
32,0,4,0,1,1,3.29,5.3,70733.74,2,0.718,3,0,98.0,38.77,1,3
44,0,4,0,1,1,16.12,13.5,128676.39,0,0.619,1,0,87.1,43.39,9,0
39,1,3,1,3,1,29.76,30.0,202856.51,4,1.0,1,1,74.8,44.1,1,2
26,1,3,0,0,1,17.88,16.75,138498.86,4,1.0,0,0,79.1,35.15,7,1
33,0,2,2,3,1,3.59,5.25,128597.56,4,0.906,1,0,76.2,112.14,3,4
46,1,4,0,2,2,11.68,11.64,105667.16,4,0.807,1,0,85.0,102.84,3,0
24,0,4,3,3,0,25.99,27.4,192086.87,5,0.893,1,0,72.3,32.71,3,1
29,0,1,0,4,1,15.76,13.9,152874.13,0,1.0,1,0,88.0,22.58,2,2
36,0,1,2,2,2,6.9,7.49,116277.03,2,0.774,1,0,72.5,46.14,9,1
30,1,2,0,2,2,12.81,13.31,149452.27,3,0.891,3,0,89.8,28.1,5,1
45,0,2,2,0,1,28.52,28.73,173095.82,5,1.0,1,0,52.8,77.31,9,2
22,0,3,2,2,2,10.7,10.91,141777.82,2,0.645,4,0,73.6,39.03,1,2
26,0,3,0,3,1,8.14,7.72,86087.6,6,0.97,0,0,98.0,66.6,3,4
22,1,4,3,2,0,5.8,4.64,104711.07,1,0.48,2,0,74.2,9.46,8,0
21,1,5,1,2,2,5.4,5.17,79419.16,5,0.515,2,0,62.8,259.49,6,0
22,0,2,2,4,1,7.25,4.36,186891.69,6,0.767,3,1,78.1,63.81,8,1
36,1,5,2,1,1,12.55,11.68,220000.0,4,1.0,4,1,98.0,67.09,9,0
39,1,0,0,3,1,23.78,24.59,162986.2,3,0.942,0,1,77.8,87.21,9,1
21,1,4,0,1,2,11.21,10.12,86895.67,1,0.972,1,1,93.3,72.75,7,1
35,0,3,2,3,0,5.85,5.63,150734.13,8,0.861,0,1,83.2,18.29,7,3
36,1,4,1,3,0,5.92,6.86,118752.57,2,1.0,1,0,93.1,56.2,2,1
38,0,4,1,2,2,11.89,14.3,138676.21,5,0.803,2,1,77.6,159.51,1,2
32,1,4,2,2,2,9.83,8.55,127704.51,1,0.509,0,0,85.3,106.26,9,4
37,0,3,0,1,1,13.38,12.16,118076.47,5,0.774,0,0,64.1,65.41,9,3
34,0,1,3,1,1,8.39,9.89,99031.05,5,0.809,4,0,84.6,52.63,9,4
34,0,2,0,2,0,10.24,9.05,87534.79,7,0.709,1,0,76.2,56.67,9,1
34,0,1,0,2,1,11.79,12.75,160439.12,2,1.0,1,1,94.0,54.07,3,2
24,1,3,0,2,2,6.0,8.8,131299.22,2,0.83,2,1,68.6,44.57,1,0
38,1,3,0,3,1,9.41,8.98,191126.34,5,0.921,1,0,76.9,71.38,9,1
30,0,3,2,1,0,14.47,13.74,150441.82,4,0.978,0,1,80.9,5.48,4,1
36,0,4,0,2,2,13.09,13.83,126636.95,4,0.739,1,1,98.0,14.65,7,0
25,0,2,0,2,2,6.82,7.62,89772.39,3,0.968,5,0,66.5,77.74,9,4
33,1,5,0,3,2,5.08,5.05,94989.66,2,0.844,3,0,92.8,26.18,3,4
32,1,4,2,0,2,6.57,8.64,135120.3,1,0.877,3,1,98.0,103.02,1,2
32,0,4,0,0,2,5.19,4.41,62858.98,2,0.751,1,1,87.1,47.1,2,2
44,0,4,2,2,2,15.36,15.85,191797.55,2,0.685,3,0,98.0,52.05,1,4
32,0,3,2,1,2,8.59,6.41,163105.31,4,0.628,2,0,88.6,69.04,9,0
40,0,4,2,0,2,10.12,6.87,121423.69,3,0.896,2,1,90.2,23.91,9,4
33,1,4,2,2,2,8.05,9.55,125417.95,5,0.837,2,1,93.0,12.12,9,2
33,0,2,1,1,1,10.42,8.59,97573.6,8,0.847,4,1,98.0,73.4,9,1
22,1,4,0,0,1,2.69,1.1,74419.61,4,0.287,1,0,87.1,81.81,2,4
24,0,5,0,2,2,2.58,1.71,44825.05,3,0.577,2,1,98.0,90.27,8,2
32,0,5,0,2,2,8.65,9.24,131161.34,4,0.364,2,1,75.4,8.62,9,2
35,1,4,0,2,1,3.19,2.95,88149.01,7,0.533,3,1,74.6,87.05,9,2
25,1,4,2,3,1,4.26,5.03,119530.74,4,0.876,0,1,98.0,66.58,3,2
29,0,1,0,3,1,16.6,14.25,100954.18,7,1.0,3,0,91.3,51.8,7,4
27,1,2,2,2,1,11.59,11.23,121917.01,1,0.733,0,0,74.5,37.03,8,1
32,1,4,0,1,2,4.2,6.53,82205.0,3,0.647,1,0,84.7,78.53,4,2
29,1,4,2,4,2,9.25,8.73,84589.91,6,0.933,3,1,98.0,22.73,8,2
41,1,3,0,3,1,14.16,14.56,120433.41,2,0.953,1,1,72.2,61.11,4,0
39,1,3,0,1,2,4.91,3.87,96611.31,4,0.93,1,0,98.0,45.5,3,2
44,1,4,2,4,1,9.28,9.37,95712.84,3,0.666,1,1,98.0,45.92,4,0
37,0,2,0,1,0,7.12,7.11,100922.65,4,0.666,4,0,85.9,165.63,1,2
35,0,4,2,0,2,8.91,7.11,74428.39,3,0.783,0,1,95.3,94.8,9,2
25,1,5,3,3,2,11.07,11.26,141132.59,7,1.0,1,0,80.0,54.6,9,0
27,0,3,0,3,2,1.64,2.0,88259.46,1,0.76,1,1,89.3,105.18,3,2
33,0,3,0,2,0,12.12,11.22,128535.32,4,1.0,1,1,81.4,73.65,9,2
36,1,5,2,1,2,6.23,8.3,111457.09,7,0.954,6,1,84.0,33.97,1,1
21,0,2,2,1,1,7.27,6.95,115352.86,2,0.679,0,0,85.5,21.04,9,3
46,0,1,1,4,1,30.0,30.0,190509.37,2,1.0,2,1,92.2,35.27,6,2
31,0,4,1,4,2,3.77,2.92,104591.88,3,0.723,0,0,70.8,100.01,9,1
39,1,1,2,0,2,10.16,12.16,129219.19,3,1.0,1,1,64.9,48.02,3,0
48,0,2,0,4,2,16.11,16.53,130949.27,2,1.0,5,1,87.9,61.01,0,2
47,0,4,0,4,2,30.0,29.28,220000.0,3,1.0,1,0,98.0,131.37,8,0
21,1,2,2,2,2,3.14,1.5,73011.12,3,0.69,1,0,59.2,182.3,8,0
22,1,2,2,4,1,4.94,2.56,102608.65,5,0.739,0,1,83.2,95.48,9,2
33,1,1,2,4,1,9.77,9.59,141637.71,3,0.523,4,1,93.7,141.56,2,0
42,0,1,3,4,0,12.28,10.43,140482.66,6,0.544,1,0,93.5,89.12,2,4
39,0,0,2,1,1,9.67,11.08,110240.25,5,0.812,0,1,76.2,138.59,9,0
21,0,4,2,0,0,2.39,3.79,109938.57,6,0.875,2,0,73.2,34.17,4,2
46,1,1,2,3,2,14.11,15.15,128519.23,4,1.0,1,0,69.5,73.69,9,4
39,0,4,0,3,3,10.19,12.99,102109.57,0,1.0,5,1,73.3,112.32,1,3
23,0,3,2,2,1,6.99,8.16,145080.89,2,0.923,4,0,68.6,69.38,1,0
